{"nTasks":4,"nThreads":9,"nCPUs":3,"nCores":16,"rh":[205.416508196,111.267452797,173.920512641,207.415542964,235.41393554,316.63141414,178.853153099,399.493922778,387.516181451],"rc":[554.132983072,691.445380441,748.302721065],"CK":[[1,1,1,1,1,1,1,0,0,0,0,0,0,0,0,0] ,[0,0,0,0,0,0,0,1,1,1,1,1,1,1,0,0] ,[0,0,0,0,0,0,0,0,0,0,0,0,0,0,1,1]],"TH":[[1,1,0,0,0,0,0,0,0] ,[0,0,1,1,1,1,0,0,0] ,[0,0,0,0,0,0,1,0,0] ,[0,0,0,0,0,0,0,1,1]]}