{"nTasks":4,"nThreads":22,"nCPUs":3,"nCores":15,"rh":[272.259281713,290.994483046,234.405371921,147.336733954,383.446867156,262.737626541,139.602242004,183.642709843,150.515522789,341.415502632,104.06979527,109.809545006,212.091667335,337.540671981,109.660690385,269.839470257,306.835852922,236.35034693,297.590198388,376.555563792,283.600327465,192.293113842],"rc":[679.861297121,541.129892828,655.216463414],"CK":[[1,1,1,1,1,1,1,1,0,0,0,0,0,0,0] ,[0,0,0,0,0,0,0,0,1,1,0,0,0,0,0] ,[0,0,0,0,0,0,0,0,0,0,1,1,1,1,1]],"TH":[[1,1,1,1,1,0,0,0,0,0,0,0,0,0,0,0,0,0,0,0,0,0] ,[0,0,0,0,0,1,1,1,1,1,0,0,0,0,0,0,0,0,0,0,0,0] ,[0,0,0,0,0,0,0,0,0,0,1,1,1,1,1,1,0,0,0,0,0,0] ,[0,0,0,0,0,0,0,0,0,0,0,0,0,0,0,0,1,1,1,1,1,1]]}