{"nTasks":4,"nThreads":14,"nCPUs":3,"nCores":10,"rh":[246.434599888,362.503840427,104.230166736,145.999515001,131.235332379,330.557262847,259.566124059,174.663714204,325.579544921,162.909276276,274.287767332,123.118373736,178.253716299,155.870344489],"rc":[791.038200198,744.651197234,664.722768244],"CK":[[1,1,1,1,1,1,0,0,0,0] ,[0,0,0,0,0,0,1,0,0,0] ,[0,0,0,0,0,0,0,1,1,1]],"TH":[[1,1,1,0,0,0,0,0,0,0,0,0,0,0] ,[0,0,0,1,1,1,0,0,0,0,0,0,0,0] ,[0,0,0,0,0,0,1,1,1,1,1,1,1,0] ,[0,0,0,0,0,0,0,0,0,0,0,0,0,1]]}