{"nTasks":4,"nThreads":12,"nCPUs":3,"nCores":17,"rh":[149.034156809,211.620957329,195.618862062,276.606716604,290.409200939,358.516907511,292.171293984,155.89538362,243.119298003,390.350327826,147.679245371,391.773991148],"rc":[569.052124193,761.964547382,447.822738572],"CK":[[1,1,1,1,0,0,0,0,0,0,0,0,0,0,0,0,0] ,[0,0,0,0,1,1,1,1,1,1,1,1,0,0,0,0,0] ,[0,0,0,0,0,0,0,0,0,0,0,0,1,1,1,1,1]],"TH":[[1,1,0,0,0,0,0,0,0,0,0,0] ,[0,0,1,1,1,0,0,0,0,0,0,0] ,[0,0,0,0,0,1,1,1,0,0,0,0] ,[0,0,0,0,0,0,0,0,1,1,1,1]]}