{"nTasks":4,"nThreads":21,"nCPUs":3,"nCores":13,"rh":[374.922401831,309.740523432,348.186992981,337.045743082,306.073714949,266.879784562,311.316622166,110.466944221,217.375474627,188.1910418,108.613206508,396.592114267,341.099685239,353.597225066,372.271622028,134.800181891,373.368952669,211.320536948,368.05584072,292.476130764,159.377114516],"rc":[728.641749553,691.47705861,795.863746104],"CK":[[1,1,0,0,0,0,0,0,0,0,0,0,0] ,[0,0,1,1,1,1,1,1,1,1,0,0,0] ,[0,0,0,0,0,0,0,0,0,0,1,1,1]],"TH":[[1,1,0,0,0,0,0,0,0,0,0,0,0,0,0,0,0,0,0,0,0] ,[0,0,1,1,1,1,1,1,1,1,0,0,0,0,0,0,0,0,0,0,0] ,[0,0,0,0,0,0,0,0,0,0,1,1,1,1,1,1,0,0,0,0,0] ,[0,0,0,0,0,0,0,0,0,0,0,0,0,0,0,0,1,1,1,1,1]]}