{"nTasks":4,"nThreads":18,"nCPUs":3,"nCores":13,"rh":[209.881515169,217.507651392,194.831889111,206.925047369,121.7097193,208.899845822,132.744998365,208.42354152,357.834398157,197.599124606,155.097838051,220.080371186,349.478289126,124.621793987,166.113385913,260.359666361,225.389152721,254.368360617],"rc":[618.283658307,600.803158917,493.286505253],"CK":[[1,1,1,1,1,1,0,0,0,0,0,0,0] ,[0,0,0,0,0,0,1,1,1,0,0,0,0] ,[0,0,0,0,0,0,0,0,0,1,1,1,1]],"TH":[[1,1,1,1,1,1,1,0,0,0,0,0,0,0,0,0,0,0] ,[0,0,0,0,0,0,0,1,1,1,1,1,1,0,0,0,0,0] ,[0,0,0,0,0,0,0,0,0,0,0,0,0,1,0,0,0,0] ,[0,0,0,0,0,0,0,0,0,0,0,0,0,0,1,1,1,1]]}